{"techies":[{"id":"63521","name":"Joh Stewart","avatar":"http://localhost:3000/img6.jpg","title":"Customer Intranet Architect","day_start":7,"day_end":15,"follower":188,"following":88,"reviews":624,"country":"US","organisation":"Expedia"},{"id":"63522","name":"Aras Kuhn","avatar":"http://localhost:3000/img7.jpg","title":"Principal Quality Administrator","day_start":30,"day_end":24,"follower":217,"following":640,"reviews":660,"country":"us","organisation":"Expedia"},{"id":"63523","name":"Ms. MacGyver","avatar":"http://localhost:3000/img9.jpg","title":"Regional Assurance Facilitator","day_start":55,"day_end":48,"follower":640,"following":909,"reviews":531,"country":"us","organisation":"Expedia"},{"id":"63524","name":"Oberbrunner","avatar":"http://localhost:3000/img10.jpg","title":"Principal Mobility Supervisor","day_start":42,"day_end":2,"follower":607,"following":730,"reviews":360,"country":"us","organisation":"Expedia"},{"id":"63525","name":"Ams Goyette","avatar":"http://localhost:3000/img11.jpg","title":"Forward Quality Developer","day_start":21,"day_end":54,"follower":193,"following":627,"reviews":877,"country":"us","organisation":"Expedia"},{"id":"63516","name":"Johnson Streich","avatar":"http://localhost:3000/img2.jpg","title":"Customer Intranet Architect","day_start":7,"day_end":15,"follower":188,"following":88,"reviews":624,"country":"US1","organisation":"Expedia"},{"id":"63573","name":"Exst Kuhn","avatar":"http://localhost:3000/img12.jpg","title":"Principal Quality Administrator","day_start":30,"day_end":24,"follower":217,"following":640,"reviews":660,"country":"us","organisation":"Expedia"},{"id":"6358","name":"Ms. Darby","avatar":"http://localhost:3000/img13.jpg","title":"Regional Assurance Facilitator","day_start":55,"day_end":48,"follower":640,"following":909,"reviews":531,"country":"us","organisation":"Expedia"},{"id":"63599","name":"Oberbrunner Ws","avatar":"http://localhost:3000/img15.jpg","title":"Principal Mobility Supervisor","day_start":42,"day_end":2,"follower":607,"following":730,"reviews":360,"country":"us","organisation":"Expedia"},{"id":"6350","name":"Cullen AWS","avatar":"http://localhost:3000/img16.jpg","title":"Forward Quality Developer","day_start":21,"day_end":54,"follower":193,"following":627,"reviews":877,"country":"us","organisation":"Expedia"},{"id":"6351","name":"Johnson Streich","avatar":"http://localhost:3000/img18.jpg","title":"Customer Intranet Architect","day_start":7,"day_end":15,"follower":188,"following":88,"reviews":624,"country":"us","organisation":"Expedia"},{"id":"6352","name":"Arac Master","avatar":"http://localhost:3000/img17.jpg","title":"Principal Quality Administrator","day_start":30,"day_end":24,"follower":217,"following":640,"reviews":660,"country":"us","organisation":"Expedia"},{"id":"6353","name":"Ms. Darby MacGyver","avatar":"http://localhost:3000/img19.jpg","title":"Regional Assurance Facilitator","day_start":55,"day_end":48,"follower":640,"following":909,"reviews":531,"country":"us","organisation":"Expedia"},{"id":"6354","name":"Jalen Oberbrunner","avatar":"http://localhost:3000/img20.jpg","title":"Principal Mobility Supervisor","day_start":42,"day_end":2,"follower":607,"following":730,"reviews":360,"country":"us","organisation":"Expedia"},{"id":"6355","name":"QWA Goyette","avatar":"http://localhost:3000/img21.jpg","title":"Forward Quality Developer","day_start":21,"day_end":54,"follower":193,"following":627,"reviews":877,"country":"us","organisation":"Expedia"},{"id":"6356","name":"Johnson Streich","avatar":"http://localhost:3000/img22.jpg","title":"Customer Intranet Architect","day_start":7,"day_end":15,"follower":188,"following":88,"reviews":624,"country":"US1","organisation":"Expedia"},{"id":"6357","name":"Araceli Kuhn","avatar":"http://localhost:3000/img3.jpg","title":"Principal Quality Administrator","day_start":30,"day_end":24,"follower":217,"following":640,"reviews":660,"country":"US","organisation":"Expedia"},{"id":"63518","name":"Ms. Darby MacGyver","avatar":"http://localhost:3000/img4.jpg","title":"Regional Assurance FacilitatorS","day_start":55,"day_end":48,"follower":640,"following":909,"reviews":531,"country":"US","organisation":"Expedia"},{"id":"63519","name":"Jalen Oberbrunner","avatar":"http://localhost:3000/img5.jpg","title":"Principal Mobility Supervisor","day_start":42,"day_end":2,"follower":607,"following":730,"reviews":360,"country":"AS","organisation":"Expedia"},{"id":"63515","name":"Cullen Goyette","avatar":"http://localhost:3000/img1.jpg","title":"Forward Quality Developer","day_start":21,"day_end":54,"follower":193,"following":627,"reviews":877,"country":"AS","organisation":"Expedia"}]}